Polarity,Subjectivity
"0.282840864	",0.043590502
